<?xml version="1.0" encoding="utf-8"?>
<!DOCTYPE hibernate-mapping PUBLIC "-//Hibernate/Hibernate Mapping DTD 3.0//EN"
"http://www.hibernate.org/dtd/hibernate-mapping-3.0.dtd">
<!-- 
    Mapping file autogenerated by MyEclipse Persistence Tools
-->
<hibernate-mapping>
    <class name="DAO.Usingstate" table="usingstate" catalog="software">
        <id name="num" type="java.lang.String">
            <column name="num" />
            <generator class="assigned" />
        </id>
        <property name="time" type="java.lang.Integer">
            <column name="time" />
        </property>
        <property name="userId" type="java.lang.Integer">
            <column name="userID" />
        </property>
    </class>
</hibernate-mapping>
